TIMESTAMP,ITEM_ID,USER_ID
1580439600,1004583,0002418110
1578279600,1005353,0002416588
1578279600,1004254,0002416588
1578366000,1005396,0002399279
1578366000,1005421,0002783422
1578366000,1003286,0002421347
1578366000,1005442,0002421347
1578366000,1004801,0002417184
1578366000,1003611,0002417286
1578366000,1004260,0002399279
1578366000,1004780,0002399279
1578366000,1004255,0002782766
1578366000,1004490,0002417286
1578366000,1003302,0002399279
1578366000,1003731,0002399279
1578366000,1005059,0002399279
1578366000,1005059,0002404907
1578366000,1005059,0002783191
1578452400,1005353,0002784225
1578452400,1004018,0002418925
1578452400,1004458,0002417973
1578452400,1005004,0002418925
1578452400,1004335,0002415787
1578452400,1003224,0002415787
1578452400,1004333,0002416388
1578452400,1003514,0002417973
1578452400,1003514,0002416388
1578538800,1005397,0002416986
1578538800,1005037,0002460070
1578538800,1003622,0002460070
1578538800,1005199,0002461522
1578625200,1005097,0002785255
1578625200,1005381,0002785255
1578625200,6000160,0002420429
1578884400,1003790,0002413898
1578884400,1005117,0002413898
1578884400,1003744,0002519862
1578884400,1005545,0002785790
1578884400,1003087,0002413898
1578884400,1005187,0002413898
1578970800,1005563,0002461375
1578970800,1003282,0002461375
1578970800,1004102,0002420099
1579057200,1004430,0002417973
1579057200,1003697,0002417973
1579143600,1003478,0002417276
1579143600,1003893,0002417276
1579143600,1004134,0002417276
1579143600,1005185,0002417276
1579230000,1004356,0002397417
1579230000,1004356,0002787360
1579230000,1005545,0002519625
1579316400,1004323,0002519625
1579748400,1100687,70000
1579230000,1100851,70000
1579662000,1100893,70000
1579662000,1051894,70000
1579662000,1052498,70000
1579662000,1100644,70000
1577934000,1100970,70000
1577934000,1100839,70000
1580353200,1100678,70000
1580007600,1100681,70000
1580094000,1118953,70000
1578625200,1005059,0002460891
1578711600,1004358,0002416588
1578711600,1004253,0002416588
1578884400,1003286,0002421347
1578884400,1003474,0002421347
1578884400,1005545,0002785868
1578884400,1003697,0002460828
1578970800,1004476,0002399957
1578970800,1004260,0002417517
1578970800,1005545,0002399957
1578970800,1005381,0002399957
1578970800,1005059,0002521185
1579057200,1005037,0002420610
1579143600,1005357,0002420201
1579143600,1005117,0002420650
1579143600,1003744,0002413898
1579143600,1005119,0002420650
1579143600,1005120,0002420650
1579143600,1004333,0002420201
1579143600,1005127,0002420650
1579143600,1003131,0002417517
1579230000,1005563,0002416588
1579230000,1003871,0002787953
1579230000,1004490,0002414977
1579316400,1004260,0002416863
1579316400,1003882,0002458933
1579489200,1003092,0002412555
1579402800,1100893,70000
1579316400,1005227,0002784453
1579316400,1004106,0002519625
1579316400,1004052,0002784453
1579316400,1004583,0002420429
1579489200,1004247,0002788768
1579575600,1004260,0002409078
1579575600,1003670,0002409078
1579575600,1003511,0002409078
1579662000,1004965,0002421347
1579662000,1005059,0002419703
1579748400,1004179,0002782028
1579748400,1004780,0002473988
1579834800,1004406,0002404306
1579834800,1004509,0002420099
1579834800,1003302,0002420407
1579921200,1003991,0002414977
1579921200,1004965,0002474975
1579921200,1004965,0002416588
1580094000,1004179,0002782028
1580094000,1003130,0002458933
1580266800,1118957,70000
1579230000,1114251,0002419911
1579662000,1118177,0002788153
1579748400,1117201,0002788222
1580439600,1112912,0002793091
1578279600,1003748,0002407890
1578366000,1004245,0002419211
1578366000,1004522,0002419211
1578366000,1003286,0002419211
1578366000,1005340,0002419211
1579748400,1100824,70000
1578106800,1100823,70000
1578193200,1100972,70000
1580439600,1100899,70000
1579489200,1004247,0002788768
1579489200,1005119,0002412555
1579489200,1004537,0002418687
1579575600,1005245,0002416863
1579575600,1005009,0002416863
1579662000,1004458,0002472455
1579662000,1004254,0002472455
1579662000,1003882,0002472455
1579662000,1003514,0002472455
1579748400,1003474,0002420409
1579748400,1005119,0002420409
1579748400,1004282,0002400709
1579834800,1005004,0002407869
1579834800,1003786,0002458933
1579834800,1003909,0002407869
1579921200,1003145,0002409078
1580094000,1003512,0002407596
1580094000,1004451,0002407596
1580094000,1003915,0002461009
1580094000,1005356,0002412894
1580094000,1004802,0002400870
1580094000,1003514,0002461009
1580094000,1004253,0002407596
1580180400,1005353,0002409895
1580180400,1003621,0002476402
1580180400,1004253,0002416750
1580180400,1005213,0002400664
1580266800,1004318,0002792551
1580266800,1006371,0002415818
1580266800,1004802,0002417868
1580353200,1100674,70000
1579748400,1114579,0002788193
1580353200,1118821,0002793098
1578366000,1005427,0002419211
1578366000,1004476,0002783555
1578366000,1003988,0002419211
1578366000,1004399,0002419211
1578366000,1005183,0002419211
1578366000,1003615,0002419211
1578366000,1005425,0002419211
1578366000,1003231,0002419211
1578366000,1005497,0002420011
1578452400,1003909,0002522185
1578452400,1005553,0002522185
1578452400,1003640,0002398583
1578452400,1005148,0002420234
1578538800,1004232,0002416256
1578538800,1003573,0002416256
1578538800,1004102,0002406431
1578538800,1005541,0002406431
1578538800,1004995,0002406431
1578538800,1003511,0002406431
1578538800,1004306,0002416256
1578538800,1004583,0002416938
1578625200,1004291,0002406253
1578625200,1004323,0002416228
1578625200,1005243,0002415800
1578625200,1005243,0002419211
1578625200,1004063,0002416228
1578625200,1003790,0002416228
1578625200,1004270,0002416228
1578625200,1005227,0002473878
1578625200,1003611,0002473878
1578625200,1005117,0002416228
1578625200,1003091,0002416228
1578625200,1003915,0002416228
1578625200,1004260,0002406253
1578625200,1004260,0002416228
1578625200,1004260,0002419211
1578625200,1004073,0002416228
1578625200,1005119,0002416228
1578625200,1005354,0002785237
1578625200,1004430,0002416228
1578625200,1003216,0002416228
1578625200,1005223,0002416228
1578625200,1003047,0002473878
1578625200,1003920,0002416228
1578625200,1004022,0002416228
1578625200,1004253,0002416228
1578625200,1004253,0002473878
1578625200,1005385,0002473878
1578625200,1005439,0002419211
1578711600,1003441,0002522269
1578711600,1005006,0002782028
1578711600,1004101,0002522269
1578711600,1004459,0002521589
1578711600,1004262,0002522269
1578711600,1003915,0002522269
1578711600,1004583,0002522269
1578884400,1004284,0002474377
1578193200,1100645,70000
1578279600,1100961,70000
1578279600,1100858,70000
1578279600,1100857,70000
1578279600,1052498,70000
1578279600,1100624,70000
1578279600,1100839,70000
1578279600,1052497,70000
1578279600,1100862,70000
1580439600,1100687,70000
1579230000,1114576,0002787764
1579748400,1118064,0002788221
1580353200,1112912,0002793091
1579748400,1114579,0002788169
1580353200,1115126,0002793085
1580439600,1100855,70000
1580439600,1100645,70000
1580180400,1005004,0002417973
1580180400,1004802,0002420201
1580266800,1006994,0002476655
1580266800,1003630,0002417229
1580266800,1005004,0002782028
1580266800,1004583,0002417973
1580353200,1004801,0002461105
1580353200,1005227,0001002076
1580353200,1004489,0002461105
1580353200,1005059,0002417286
1580439600,1003087,0002416226
1580439600,1005215,0002460828
1578106800,1004120,0002418511
1578366000,1005228,0002400985
1578366000,1004048,0002782028
1578366000,1005260,0002419466
1578452400,1004356,0002413441
1578452400,1005568,0002411989
1578452400,1003130,0002411989
1578538800,1004155,0002784538
1578538800,1004120,0002461941
1578538800,1004120,0002784538
1578538800,1003302,0002461941
1578538800,1004253,0002461941
1578625200,1005357,0002785205
1578625200,1003573,0002785205
1578625200,1004307,0002460982
1578625200,1003617,0002460982
1578711600,1005353,0002521520
1578884400,1005228,0002474133
1578884400,1005357,0002471334
1578366000,1100897,0002418814
1578366000,1100794,70000
1578452400,20103041,70000
1578452400,1100795,70000
1578452400,1100862,70000
1580353200,1003621,0002476373
1580353200,1004247,0002417110
1580353200,1004260,0002476402
1580353200,1005061,0002476402
1580353200,1003304,0002416923
1580439600,1004179,0002785255
1580439600,1005028,0002416750
1580439600,1003083,0002416226
1578366000,1005243,0002783423
1578366000,1005227,0002405724
1578366000,1003514,0002782891
1578366000,1005274,0002405724
1578452400,1005243,0002410310
1578452400,1003786,0002475748
1578452400,1005354,0002475748
1578538800,1005357,0002784602
1578625200,1003616,0002785286
1578625200,1003119,0002784784
1578625200,1004457,0002519934
1578625200,1008685,0002784784
1578625200,1004583,0002782508
1578711600,1005334,0002459822
1578711600,1004583,0002785375
1578884400,1005227,0002409876
1578970800,1005357,0002421046
1578970800,1004120,0002413964
1578970800,1005412,0002417423
1578970800,1004253,0002417423
1579057200,1003918,0002408292
1579057200,1004965,0002414098
1580180400,1100825,70000
1580180400,1052498,70000
1580180400,1118774,70000
1579748400,1115570,0002788201
1580353200,1118632,0002793066
1580353200,1119037,0002793066
1580353200,1118803,0002793066
1578538800,1051835,70000
1578538800,1100897,70000
1578538800,1100644,70000
1578538800,1051964,70000
1578884400,1005228,0002464613
1578884400,1004143,0002416256
1578884400,1004254,0002416256
1578884400,1005357,0002416256
1578884400,1005004,0002782028
1578884400,1000179,0002417283
1578884400,1004806,0002470063
1578884400,1003617,0002474377
1578884400,1004564,0002472804
1578970800,1005353,0002415501
1578970800,1005006,0002476652
1578970800,1005427,0002415501
1578970800,1003091,0002522269
1578970800,1004262,0002522269
1578970800,1003915,0002415501
1578970800,1005354,0002522269
1578970800,1003119,0002786336
1578970800,1004430,0002522269
1578970800,1005334,0002522269
1578970800,1005177,0002522269
1578970800,1003889,0002415501
1579057200,1003856,0002418589
1579057200,1004254,0002407917
1579057200,1005357,0002407403
1579057200,1003131,0002414061
1579057200,1005572,0002407403
1579143600,1004551,0002464613
1579143600,1004536,0002415195
1579230000,1005356,0002787943
1579316400,1003236,0002632960
1579316400,1005243,0002414061
1579316400,1003307,0002416256
1579316400,1005006,0002788419
1579316400,1005006,0002788513
1579316400,1005357,0002416256
1579316400,1003611,0002414061
1579316400,1004318,0002416256
1579316400,1004120,0002788419
1579316400,1008685,0002788513
1579316400,1004583,0002632960
1579489200,1005396,0002474000
1579489200,1003305,0002409185
1579489200,1004534,0002474000
1578279600,1004262,0002782623
1578366000,1004320,0001141928
1578366000,1003856,0001141928
1578366000,1005568,0002409444
1578366000,1005508,0002414585
1578366000,1004430,0001141928
1578366000,1004319,0001141928
1578452400,1003256,0001162877
1578452400,1005501,0002783773
1578452400,1005225,0001162877
1578452400,1003574,0002407890
1578452400,1004120,0002784092
1578452400,1004965,0002410074
1578452400,1004965,0002784243
1578538800,1004534,0002784523
1578625200,1003856,0002782028
1578625200,1005358,0002784998
1578625200,1004195,0002784998
1578625200,1005568,0002417431
1578625200,1004143,0002784998
1578625200,1005006,0002417777
1580439600,1100728,70000
1578884400,1003915,0002474133
1578970800,1004965,0002786007
1578970800,1008683,0002460500
1579057200,1004122,0002786883
1579057200,1003119,0002787185
1579057200,1004965,0002786007
1579230000,1004255,0002467797
1579230000,1004253,0002467797
1579316400,1005006,0002411661
1579316400,1005462,0002473177
1579489200,1003624,0002417423
1579489200,1003915,0002417423
1579489200,1004155,0002416684
1579489200,1004583,0002416684
1579575600,1005243,0002407093
1579662000,1004102,0002789770
1579662000,1004253,0002460982
1578625200,1100862,70000
1579662000,1114688,0002788185
1579834800,1117774,0002788228
1580439600,1121506,0002793064
1578279600,1004254,0002417005
1578279600,1004523,0002419789
1578279600,1004260,0002417005
1578279600,1005541,0002417005
1578279600,1003615,0002417005
1578279600,1005156,0002417005
1578279600,1004238,0002419789
1578279600,1004484,0002417005
1578366000,1004807,0002421210
1578366000,1004476,0002420910
1578366000,1004260,0002474828
1579143600,1003797,0002787474
1579143600,1004155,0002782028
1579143600,1004120,0002787402
1579143600,1004253,0002787474
1579143600,1004460,0002787474
1579230000,1005333,0002415704
1579316400,1003818,0002788284
1579316400,1003797,0002788284
1579489200,1004442,0002475592
1579662000,1003624,0002789835
1579662000,1005024,0002461375
1579662000,1005024,0002461375
1579748400,1004115,0002408375
1579748400,1004596,0002790207
1579748400,1005059,0002790010
1579834800,1003512,0002400879
1579834800,1005006,0002408214
1579834800,1004965,0002411212
1579834800,1005059,0002416591
1579834800,1005059,0002409727
1579921200,1004106,0002791153
1580094000,1005462,0002477507
1578625200,1005004,0002417777
1578625200,1004536,0001002074
1578625200,1004240,0002784998
1578711600,1005006,0002782028
1578711600,1004564,0002408952
1578884400,1004232,0002420407
1578884400,1004260,0002418136
1578884400,1004120,0002785744
1578884400,1005537,0002420407
1578884400,1113702,0002473824
1578884400,1003509,0002413431
1578884400,1003788,0002413431
1578970800,1003270,0002411786
1578970800,1005537,0002415501
1578970800,1004527,0002782682
1578970800,1003581,0002415501
1578970800,1007002,0002417018
1579057200,1004583,0002417093
1579057200,1004583,0002416256
1579143600,1004368,0002787563
1579143600,1003820,0002417504
1579143600,1003621,0002416256
1579143600,1003571,0002415195
1579143600,1003686,0002415195
1579143600,1004262,0002787563
1579143600,1003932,0002416256
1579143600,1003692,0002416256
1579143600,1003965,0002416256
1579143600,1004457,0002416256
1579143600,1005376,0002416256
1579230000,1004522,0002783225
1579230000,1003856,0002787945
1579230000,1003307,0002520171
1579230000,1005357,0002520171
1579230000,1004784,0002409017
1579230000,1004261,0002406454
1579230000,1003622,0002419576
1579316400,1004368,0002475122
1579316400,1005357,0002475122
1579316400,1005227,0001162877
1579316400,1004099,0001162877
1579316400,1003965,0001162877
1579316400,1004511,0002406431
1579316400,1005255,0001162877
1579316400,1005376,0001162877
1579489200,1003060,0002406366
1579489200,1005228,0002464613
1579489200,1004356,0002788657
1579489200,1003571,0002416256
1578279600,1005353,0002419866
1578711600,1051911,70000
1578711600,1100897,70000
1578711600,1100839,70000
1578711600,1052497,70000
1578279600,1003656,0002419789
1578279600,1005057,0002411951
1578279600,1005057,0002419789
1578279600,1005427,0002411951
1578279600,1005397,0002419789
1578279600,1003029,0002411951
1578366000,1005223,0002409444
1578366000,1003066,0002409444
1578452400,1003856,0002416627
1578452400,1005228,0002416627
1578452400,1004476,0002783855
1578452400,1004120,0002782028
1578452400,1004430,0002784306
1578452400,1004239,0002468888
1578452400,1004117,0002782028
1578452400,1004583,0002783855
1578538800,1003760,0002407820
1578538800,1003067,0002784671
1578538800,1004564,0002475061
1578625200,1005396,0002785049
1578625200,1005492,0002416752
1578625200,1005243,0002416424
1578625200,1005243,0002416752
1578625200,1005243,0002785049
1578625200,1003091,0002417431
1578625200,1005119,0002785049
1578625200,1004430,0002785049
1578625200,1003741,0002417431
1578625200,1004307,0002785049
1579489200,1003920,0002474000
1579489200,1003632,0002409185
1579489200,1004253,0002474000
1579575600,1003315,0002421210
1579575600,1003818,0002407890
1579575600,1004476,0002420881
1579575600,1003698,0002421210
1579575600,1004261,0002418249
1579575600,1003148,0002421210
1579575600,1004106,0002421210
1579575600,1003606,0002421210
1579575600,1004260,0002420458
1579575600,1003542,0002420458
1579575600,1005250,0002420458
1579575600,1004811,0002421210
1579575600,1004583,0002421210
1579662000,1004466,0002398583
1579662000,1005456,0002411824
1579662000,1004254,0002411166
1579662000,1004261,0002398583
1579662000,1003148,0002398583
1579662000,1004262,0002417431
1579662000,1003574,0002398583
1579662000,1005093,0002398583
1579662000,1005043,0002417431
1579748400,1004291,0002410199
1579748400,1004099,0002411667
1579748400,1005117,0002410199
1579748400,1005119,0002410199
1579748400,1004430,0002410199
1579748400,1004583,0002420960
1579834800,1004261,0002419662
1579834800,1004262,0002518762
1579834800,1004430,0002419662
1579834800,1003632,0002409088
1579921200,1004291,0002421210
1579921200,1005006,0001003006
1579921200,1004314,0002421210
1579921200,1004385,0002472804
1579921200,1004564,0001002074
1579921200,1004965,0001002074
1579921200,1004583,0001002074
1580094000,1004284,0002417005
1580094000,1004320,0002417005
1580094000,1003752,0002419211
1580094000,1004254,0002417005
1580094000,1004254,0002419211
1580094000,1003615,0002417005
1580094000,1003920,0002417005
1580094000,1004022,0002417005
1580094000,1005213,0002419211
1580180400,1003323,0002418286
1578884400,1100872,70000
1579748400,1005356,0002790201
1579748400,1005059,0002789610
1579834800,1004323,0002790761
1579834800,1005227,0002790528
1579834800,1004523,0002419447
1579834800,1004262,0002790761
1579834800,1005541,0002419447
1579834800,1005250,0002790528
1579834800,1005178,0002790761
1579834800,1003644,0002419447
1579834800,1003185,0002790622
1579921200,1004115,0002420222
1579921200,1005059,0002458915
1580094000,1004442,0002407630
1580094000,1003818,0002407630
1580094000,1003622,0002782891
1580094000,1005040,0002791607
1580094000,1004344,0002782891
1580094000,1004011,0002407630
1580094000,1003514,0002782891
1580094000,1003580,0002475771
1580094000,1003798,0002407630
1580094000,1113701,0002782891
1580094000,1004965,0002407630
1580180400,1005227,0002782851
1580180400,1005059,0002416165
1580266800,1005758,0002420478
1580266800,1005758,0002520725
1580266800,1003895,0002474576
1580266800,1003280,0002410498
1580266800,1005333,0002792670
1580353200,1003729,0002462704
1578279600,1005421,0002419866
1578279600,1004122,0002419866
1578279600,1003466,0002419866
1578279600,1005333,0002419866
1578279600,1005541,0002410985
1578452400,1003824,0002407917
1578452400,1003323,0002407917
1578452400,1004254,0002407917
1578452400,1003490,0002407917
1578452400,1003543,0002407917
1578452400,1004536,0002461872
1578452400,1004120,0002782028
1578452400,1003154,0002407917
1578452400,1003798,0002421383
1578452400,1004965,0002421383
1578452400,1004117,0002782028
1578452400,1004583,0002421383
1578538800,1004143,0002520171
1578538800,1004071,0002416256
1578538800,1003571,0002520171
1578538800,1004521,0002470427
1578538800,1004260,0002520171
1578625200,1005447,0001162877
1578625200,1004258,0001162877
1578625200,1005243,0002783195
1578625200,1005357,0002783195
1578625200,1004801,0002415053
1578625200,1005426,0001162877
1578625200,1005420,0001162877
1578625200,1003611,0002416752
1578625200,1003148,0001162877
1578625200,1005119,0002783195
1578625200,1004344,0001162877
1578625200,1005356,0002473117
1578625200,1005425,0001162877
1578625200,1003798,0002783195
1578625200,1008685,0002415053
1578711600,1003630,0002420034
1578711600,1005571,0002785339
1578711600,1004583,0002785394
1578884400,1005243,0002786204
1578884400,1004548,0002421210
1578884400,1004254,0002409185
1578279600,1005357,0002407917
1578279600,1004430,0002407917
1578279600,1113702,0002474828
1578366000,1004291,0002462901
1578366000,1005243,0002415612
1578366000,1005357,0002462901
1578366000,1006997,0002783505
1578366000,1004430,0002462901
1578366000,1005274,0002415612
1578452400,1003223,0002415721
1578452400,1004254,0002784276
1578452400,1005357,0002784276
1578452400,1005508,0002477415
1578366000,1004430,0002474828
1578366000,1003798,0002420910
1578366000,1004583,0002421210
1578452400,1004143,0002784302
1578452400,1004261,0002784302
1578452400,1004260,0002784302
1578452400,1005541,0002421210
1578452400,1004120,0002783751
1578452400,1004527,0002784302
1578452400,1005213,0002474498
1578452400,1004117,0002783751
1578452400,1004583,0002418110
1578538800,1003856,0002782028
1578538800,1004258,0002418467
1578538800,1004260,0002521644
1578538800,1004120,0002782028
1578538800,1005336,0002418467
1578538800,1005178,0002521644
1578538800,1005043,0002420191
1578538800,1004583,0002521644
1578625200,1004291,0002416228
1578625200,1004323,0002416228
1578625200,1004492,0002417431
1578625200,1004143,0002416228
1578625200,1005357,0002416228
1578625200,1005561,0002417431
1578625200,1004071,0002416256
1578625200,1003790,0002416228
1578625200,1004270,0002416228
1578625200,1003686,0002416228
1578625200,1004806,0002518762
1578625200,1003325,0002783826
1578625200,1004209,0002418113
1578625200,1003915,0002416228
1578625200,1004260,0002416228
1578625200,1004073,0002417431
1578625200,1004512,0002416228
1578625200,1003707,0002416228
1578625200,1005617,0002416228
1578625200,1004549,0002518762
1578625200,1005250,0002417431
1578625200,1005356,0002416228
1578625200,1004385,0002416228
1578625200,1003920,0002416228
1578625200,1004302,0002416228
1578625200,1004253,0002416228
1578625200,1005044,0002416228
1578625200,1005572,0002416228
1578625200,1003043,0002416228
1578625200,1004965,0002783826
1578625200,1004583,0002783826
1578711600,1004323,0002785665
1578711600,1006985,0002408331
1578711600,1003709,0002785665
1578711600,1003478,0002785665
1580094000,1004965,0002410207
1580094000,1005059,0002474124
1580180400,1005570,0002791441
1580180400,1005333,0002460870
1580180400,1004262,0002460870
1580180400,1005119,0002415602
1580180400,1005119,0002791441
1580180400,1004255,0002460870
1580180400,1005385,0002415602
1580180400,1005185,0002791441
1580266800,1004250,0002784453
1580353200,1004250,0001135756
1580353200,1005037,0002476628
1580353200,1113702,0002460489
1580439600,1005758,0002419338
1580439600,1004965,0002420512
1580439600,1005059,0002793859
1579489200,1005148,0002413887
1579489200,1004965,0002462901
1579575600,1004337,0002469029
1579575600,1005228,0002469029
1579575600,1003109,0001002064
1579575600,1005225,0002414246
1579575600,1003043,0002407820
1579575600,1004965,0002414246
1579575600,1004025,0002408934
1579662000,1003571,0002416256
1579662000,1004101,0002416256
1579748400,1004583,0002418305
1579834800,1004143,0002784998
1579834800,1005006,0002782028
1579834800,1005006,0002790779
1579834800,1004525,0002418894
1579834800,1005354,0002466924
1579921200,1004492,0002474828
1579921200,1004262,0002420234
1579921200,1004260,0002474828
1579921200,1005119,0002420234
1579921200,1003670,0002474828
1579921200,1004430,0002474828
1579921200,1003072,0002420234
1579921200,1004307,0002474828
1579921200,1004583,0002477476
1580094000,1003323,0002410033
1580094000,1004270,0002410033
1580094000,1005227,0002419211
1580094000,1000179,0002417431
1580094000,1005508,0002417306
1580094000,1003030,0002410033
1580094000,1003546,0002417306
1580094000,1003216,0002410033
1580094000,1003615,0002417306
1580094000,1003920,0002417306
1580094000,1003889,0002410033
1580094000,1003043,0002417306
1580180400,1004160,0002408934
1580180400,1004398,0002417504
1580180400,1005427,0002408934
1580180400,1003611,0002408934
1580180400,1005356,0002417504
1580180400,1003920,0002408934
1580180400,1004021,0002408934
1578625200,1004990,0002785049
1578625200,1008684,0002415053
1578625200,1004965,0001002074
1578711600,1003323,0002410033
1578711600,1004368,0002785691
1578711600,1004261,0002785503
1578711600,1004262,0002408934
1578711600,1003915,0002785691
1578711600,1005121,0002785691
1578711600,1004965,0002473269
1578711600,1004583,0002785503
1578884400,1004106,0002418104
1578970800,1003856,0002461959
1578970800,1004583,0002411786
1579057200,1004258,0002467989
1579057200,1004073,0002413887
1579057200,1003615,0002467989
1579057200,1004457,0002787157
1579143600,1005243,0002407203
1579143600,1004117,0002415612
1579230000,1004193,0002418136
1579230000,1004328,0002462403
1579230000,1004097,0002462403
1579230000,1004261,0002788072
1579230000,1004262,0002462403
1579230000,1004502,0002406422
1579230000,1003253,0002406422
1579230000,1003536,0002406422
1579230000,1004965,0002787867
1579316400,1004291,0001162877
1579316400,1004022,0001162877
1579489200,1004291,0002419211
1579489200,1004080,0002419211
1579489200,1003621,0002415500
1579489200,1005397,0002406124
1579489200,1005037,0002419211
1579489200,1004231,0002419211
1579489200,1004583,0002411786
1579489200,1004583,0002521644
1579575600,1005421,0002789483
1579575600,1003818,0002407890
1579575600,1004260,0002414061
1578884400,1100763,70000
1578970800,1051905,70000
1578970800,1052479,70000
1578970800,1100823,70000
1578970800,1052508,70000
1580180400,1005057,0002520171
1580180400,1005358,0002420234
1580180400,1003919,0002420234
1580180400,1004476,0002418286
1580180400,1003691,0002420234
1580180400,1004994,0002418286
1580180400,1003546,0002420234
1580180400,1005537,0002418286
1580180400,1003043,0002420234
1580266800,1004254,0002522405
1580266800,1003786,0002518747
1580266800,1005461,0002518747
1580266800,1004429,0002518747
1580266800,1002001,0002417351
1580266800,1004564,0002473625
1580353200,1004133,0002419211
1580353200,1004299,0002419211
1580353200,1005340,0002419211
1580353200,1005357,0002419211
1580353200,1004097,0002520306
1580353200,1005250,0002410199
1580353200,1003615,0002419211
1580353200,1004022,0002419211
1580353200,1004429,0002520306
1580439600,1004258,0001162877
1580439600,1005243,0002793754
1580439600,1005456,0002416256
1580439600,1004398,0002416256
1580439600,1005340,0002416256
1580439600,1004099,0001162877
1580439600,1004262,0001162877
1580439600,1004231,0002783449
1580439600,1003965,0002416256
1580439600,1003131,0001162877
1580439600,1004146,0002410033
1580439600,1004025,0002416256
1578279600,1003286,0002782750
1578366000,1005357,0002400709
1578366000,1004801,0002417184
1578366000,1004533,0002418687
1578366000,1004260,0002400709
1578366000,1004260,0002417184
1578366000,1005180,0002783445
1578366000,1008685,0002420173
1578366000,1004965,0002400709
1578884400,1004801,0002413431
1578884400,1005315,0002786001
1578884400,1004457,0002416256
1578884400,1005376,0002416256
1578884400,1004965,0002421210
1578884400,1004583,0002421210
1578970800,1003091,0002411990
1578970800,1004260,0002411990
1578970800,1004260,0002459036
1578970800,1005119,0002411990
1578970800,1004527,0002411990
1578970800,1003958,0002632751
1578970800,1007002,0001121269
1578970800,1003043,0002411990
1578970800,1004965,0002411990
1579057200,1003856,0002782028
1579057200,1005228,0002411264
1579057200,1005357,0002473878
1579057200,1004784,0002468888
1579057200,1004536,0002411642
1579057200,1003692,0002459441
1579057200,1005541,0002459441
1579057200,1004525,0002411642
1579057200,1004120,0002787242
1579057200,1004231,0002468888
1579057200,1005223,0002459441
1579057200,1003741,0002473878
1579057200,1003580,0002459441
1579057200,1004240,0002411264
1579057200,1003131,0002459441
1579057200,1003043,0002468888
1578366000,1005059,0002415953
1579143600,1004261,0002787286
1578452400,1003308,0002420201
1578452400,1004801,0002420610
1578452400,1004270,0002415953
1578452400,1005004,0002461108
1578452400,1004802,0002420610
1578452400,6000160,0002783914
1578452400,1114704,0002782028
1578452400,1005059,0002420610
1578452400,1003237,0002784276
1578452400,1004564,0002784066
1578538800,1003856,0002784701
1578538800,1004120,0002784701
1578625200,1003856,0002416256
1578625200,1004299,0002416980
1578625200,1003621,0002416256
1578625200,1005340,0002416980
1578625200,1003630,0002420910
1578625200,1003786,0002476687
1578625200,1004120,0002785173
1578625200,1003043,0002474000
1578625200,1005376,0002416980
1578625200,1004583,0002460080
1578711600,1005357,0002416256
1578711600,1004261,0002785471
1578884400,1004143,0002472547
1578884400,1003790,0002786001
1578884400,1005119,0002472547
1578970800,1003671,0002420458
1578970800,1006548,0002476838
1578970800,1003075,0002420458
1578970800,1006579,0002476838
1579057200,1003315,0002410437
1579057200,1004254,0002419576
1579057200,1003891,0002419576
1579057200,1005382,0002410437
1579143600,1005006,0002416320
1579143600,1005004,0002416320
1579143600,1005397,0002464613
1579143600,1005156,0002417005
1579143600,1005153,0002417005
1579143600,1004484,0002417005
1579230000,1003671,0002460457
1579230000,1004014,0002418253
1579230000,1005357,0002460457
1579230000,1004261,0002409853
1578711600,1003546,0002785665
1578711600,1004022,0002785665
1578884400,1004116,0002785838
1578884400,1005357,0002418286
1578884400,1005427,0002406515
1578884400,1005037,0002785878
1578884400,1004260,0002785878
1578884400,1004509,0002521588
1578884400,1004549,0002521588
1578970800,1003465,0002409444
1578970800,1002724,0002418589
1578970800,1005354,0002521940
1578970800,1005229,0002477064
1578970800,1004253,0002521940
1578970800,1004114,0002782028
1578970800,1005274,0002521940
1579057200,1005460,0002408934
1579057200,1003139,0002418991
1579057200,1004784,0002411990
1579057200,1005230,0002787025
1579057200,1004262,0002408934
1579057200,1004430,0002418991
1579057200,1004231,0002411990
1579057200,1003043,0002411990
1579143600,1003856,0002416720
1579143600,1003534,0002416720
1579230000,1004291,0002416256
1579230000,1005456,0002415272
1579230000,1004018,0002416256
1579316400,1005358,0002415721
1579230000,1004018,0002416256
1579316400,1005168,0002473198
1579230000,1005358,0002415272
1579230000,1004492,0002416256
1579230000,1004492,0002416256
1579230000,1005006,0002415272
1579230000,1004491,0002416256
1579230000,1004260,0002415272
1579316400,1005541,0002473198
1579230000,1004260,0002416256
1579316400,1003546,0002415721
1579230000,1004260,0002416256
1579230000,1004314,0002416256
1579316400,1004333,0002415721
1579230000,1004314,0002416256
1579316400,1003581,0002419866
1580353200,1005456,0002462704
1580353200,1004253,0002462704
1580353200,1005059,0002417362
1580439600,1005356,0002420478
1578452400,1004260,0002411786
1578452400,1004260,0002784162
1578452400,1005119,0002411786
1578452400,1005354,0002784162
1578452400,1004430,0002411786
1578452400,1003542,0002411786
1578452400,1004231,0002784162
1578106800,1003065,0002398937
1578452400,1003615,0002411786
1578452400,1005334,0002411786
1578452400,1005461,0002411786
1578366000,1004255,0002783265
1578452400,1004566,0002411786
1578366000,1052478,0002417180
1578452400,1004583,0002411786
1578366000,1004134,0002474852
1578538800,1004179,0002521392
1578366000,1006488,0002417180
1578538800,1004784,0002409444
1578538800,1005178,0002419297
1578538800,1003657,0002419297
1578366000,1114861,0002783265
1578366000,1114581,0002783313
1578452400,1004254,0002416450
1578452400,1004260,0002416450
1578452400,1004255,0002418113
1578452400,1112659,0002475519
1578452400,1112659,0002414338
1578452400,1112679,0002475519
1578452400,1112647,0002475519
1578538800,1005243,0002410575
1578538800,1004492,0002410575
1578538800,1004254,0002410575
1578538800,1003818,0002410575
1578625200,1118632,0002473976
1578625200,1005568,0002476053
1578625200,1060800,0002784948
1578625200,1004254,0002473288
1578625200,1005029,0002421142
1578625200,1060798,0002404161
1578625200,1005177,0002520131
1578625200,1100777,0002418883
1578625200,1113944,0002784948
1578625200,1005059,0002418113
1578711600,1060800,0002785416
1578711600,1003632,0002417538
1578711600,1113937,0002410879
1578711600,1112677,0002409311
1578711600,1113759,0002420455
1579230000,1003889,0002416256
1579230000,1003536,0002416256
1578884400,1005358,0002464021
1579230000,1005376,0002416256
1578884400,1004492,0002520793
1579230000,1004583,0002411786
1579316400,1004245,0001162877
1579316400,1004247,0001162877
1579316400,1004285,0001162877
1578884400,1026583,0002419696
1579489200,1005427,0002409444
1578884400,1004458,0002464021
1579489200,1004523,0002409444
1579489200,1005004,0002417020
1578884400,1003630,0002464021
1578366000,1003121,0002783552
1578366000,1005462,0002461004
1578366000,1003673,0002783552
1578452400,1005396,0002411786
1578452400,1004291,0002411786
1578452400,1003621,0002784162
1578452400,1005151,0002415328
1578452400,1005427,0002475095
1578452400,1004806,0002783808
1578452400,1003573,0002475095
1578452400,1005225,0002784162
1579057200,1051924,70000
1579057200,1100897,70000
1579057200,1052512,70000
1579143600,1100631,70000
1579143600,1100961,70000
1579143600,1052479,70000
1579143600,1100780,70000
1579143600,1100795,70000
1579575600,1006579,0002473269
1579662000,1003305,0002410175
1579662000,1004099,0002421222
1579662000,1004261,0002410175
1579662000,1005537,0002419383
1579748400,1003323,0002413173
1579748400,1005006,0002782028
1579748400,1003490,0002413173
1579748400,1004099,0002421222
1579748400,1003543,0002418825
1579834800,1006548,0002411602
1579834800,1004115,0001130759
1579834800,1005356,0002518696
1579921200,1004356,0002791281
1579921200,1003305,0002791281
1579921200,1003774,0002791145
1579921200,1004811,0002416938
1579921200,1004583,0002416938
1580094000,1003982,0001162877
1580094000,1005149,0002406422
1580094000,1005583,0002521644
1580094000,1004099,0002421222
1580094000,1005517,0002406422
1579489200,1005533,0002418283
1579489200,1004368,0002403429
1580094000,1003670,0002406422
1579489200,1005006,0002408241
1580094000,1004564,0002417504
1580094000,1004564,0002521644
1579489200,1005508,0002418283
1580094000,1004965,0002417504
1579489200,1004262,0002784698
1580180400,1004291,0002786046
1579489200,1003227,0002418283
1580180400,1003477,0002786046
1580180400,1003091,0002409444
1580180400,1004430,0002420426
1579489200,1005148,0002413887
1578884400,1005427,0002520793
1580180400,1004465,0002786046
1579575600,1004337,0002469029
1578366000,1005332,0002783265
1579575600,1005057,0002411951
1580266800,1005227,0002406422
1580266800,1004260,0002461922
1580266800,1004803,0002519654
1580266800,1003309,0002472804
1580266800,1007019,0002475833
1580266800,1005297,0002406422
1580353200,1003038,0002410033
1580353200,1005006,0002470443
1580353200,1005340,0002419211
1580353200,1005357,0002419211
1580353200,1004270,0002410033
1580353200,1005397,0001125928
1580353200,1005019,0002414585
1580353200,1003692,0002410033
1580353200,1004260,0001125928
1580353200,1004430,0001125928
1580353200,1003224,0002414767
1580353200,1005043,0002414585
1580439600,1003522,0002417283
1580439600,1005456,0002415272
1580439600,1003532,0002417283
1578538800,1004801,0002782855
1580439600,1004328,0002417283
1578538800,1003151,0002420731
1580439600,1003790,0002417283
1580439600,1005117,0002476801
1578625200,1004179,0002476663
1580439600,1004994,0002419576
1580439600,1005508,0002477415
1578625200,1003109,0002400830
1580439600,1005225,0002519018
1580439600,1003123,0002476801
1580439600,1004262,0002415272
1578625200,1000179,0002409895
1580439600,1004260,0002415272
1580439600,1004103,0002417283
1578625200,1004102,0002417605
1580439600,1003574,0002419576
1580439600,1005119,0002417283
1579575600,1005228,0002469029
1580439600,1005354,0002417283
1579575600,1003329,0002410033
1580439600,1005223,0002417283
1580439600,1004115,0002406124
1578625200,1005545,0002785055
1580439600,1005461,0002417283
1578625200,1006997,0002416514
1580180400,1004457,0002786046
1580439600,1003673,0002476801
1579230000,1003788,0002785335
1579230000,1100897,70000
1579316400,1004291,0002418283
1579316400,1003538,0002420191
1579316400,1003270,0002418283
1579316400,1005019,0002418283
1579316400,1003218,0002418283
1579316400,1004260,0002418283
1579316400,1005047,0002418283
1578538800,1004583,0002409444
1578625200,1003856,0002784701
1578452400,1004116,0002473773
1579316400,1004022,0002418283
1578452400,1005397,0002520407
1578625200,1005357,0002475987
1578452400,1119018,0002784102
1578452400,1115130,0002414624
1579316400,1004583,0002632960
1578884400,1115470,0002470499
1579489200,1003629,0002788775
1578798000,1100674,85000
1579230000,1052495,70000
1579316400,1100872,70000
1579316400,1100901,70000
1579316400,20103041,70000
1579575600,1003856,0002417372
1579575600,1005357,0002411990
1579575600,1004261,0002782640
1579575600,1004521,0002518747
1579662000,1003856,0002416752
1579662000,1005024,0002789672
1579662000,1004253,0002460717
1579748400,1003465,0002417306
1579834800,1006548,0002416256
1579834800,1005006,0002421049
1579921200,1003752,0002408812
1579921200,1005227,0002408812
1579921200,1004261,0002408812
1579921200,1004115,0002782562
1579921200,1004564,0002417157
1579921200,1008685,0002782562
1580094000,1004179,0002411292
1580094000,1005429,0002407917
1580094000,1004551,0002461521
1580094000,1003621,0002409668
1580094000,1004254,0002407917
1580094000,1004261,0002461521
1580094000,1004261,0002409668
1580094000,1004106,0002407917
1580094000,1003692,0002407917
1580094000,1004260,0002407820
1580094000,1003965,0002407917
1580094000,1005461,0002407917
1580094000,1003657,0002407917
1580094000,1004253,0002407820
1580094000,1004253,0002407917
1580094000,1004564,0002407917
1580094000,1004965,0002784276
1580180400,1004232,0002472804
1580180400,1004270,0002408934
1580180400,1003909,0002792265
1580180400,1004564,0002421210
1580180400,1005274,0002409444
1580266800,1005228,0002459036
1580266800,1005004,0002418283
1580266800,1004120,0001003006
1580266800,1007019,0002475833
1580353200,1003516,0002413887
1580353200,1004320,0002408812
1580353200,1005353,0002413887
1580353200,1005243,0002408812
1580353200,1005006,0002414767
1580353200,1004254,0002413887
1580353200,1005357,0002414767
1580353200,1003474,0002413887
1580353200,1005397,0002413887
1580353200,1004261,0002408812
1580353200,1004106,0002408812
1580353200,1004262,0002414767
1580353200,1004262,0002472804
1580353200,1004260,0002413887
1580353200,1003119,0002408812
1580353200,1003542,0002462609
1580353200,1005537,0002472804
1580353200,1004231,0002413887
1580353200,1005356,0002414767
1580353200,1003186,0002408812
1580353200,1004022,0002413887
1580353200,1003581,0002413887
1580353200,1005043,0002413887
1580353200,1003202,0002413887
1580353200,1003184,0002413887
1580439600,1003856,0002793718
1580439600,1005245,0002468888
1580439600,1004261,0002413429
1580439600,1004106,0002793640
1580439600,1004525,0002468888
1580439600,1005120,0002793640
1580439600,1003043,0002468888
1580439600,1004965,0002468888
1580439600,1005331,0002468888
1578366000,1005353,0002404036
1578366000,1003915,0002460828
1578366000,1004335,0002460828
1578366000,1003797,0002416226
1578366000,1005356,0002419105
1578366000,1005177,0002416226
1579575600,1005148,0002418467
1579662000,1003856,0002416596
1579662000,1005004,0002416596
1579662000,1004260,0002421222
1580439600,1004307,0002419576
1579662000,1004965,0002415721
1580439600,1003731,0002417283
1579748400,1003075,0002469555
1579748400,1003075,0002782562
1580439600,1003195,0002782028
1579748400,1005429,0002782562
1580439600,1003184,0002782028
1578279600,1004802,0002404036
1578366000,1003616,0002416838
1579748400,1005357,0002469555
1579748400,1004451,0002469555
1578366000,1003282,0002460828
1579748400,1000179,0002474186
1578366000,1004116,0002416838
1579748400,1004260,0002469555
1578366000,1004434,0002417276
1579748400,1004525,0002415721
1578366000,1005004,0002462167
1579748400,1003574,0002469555
1578366000,1004780,0002406640
1579748400,1005119,0002782562
1579748400,1004965,0002420633
1578366000,1004430,0002406640
1579748400,1004965,0002782562
1579834800,1005243,0002468888
1578366000,1004253,0002462167
1579834800,1005456,0002415272
1579834800,1005006,0002415272
1579834800,1004491,0002415272
1578366000,1004965,0002416838
1579834800,1004101,0002415272
1579834800,1004106,0002415272
1579834800,1004260,0002415272
1579834800,1005296,0002518747
1579834800,1004430,0002415272
1578452400,1004179,0002782028
1579834800,1005553,0002415272
1578452400,1004122,0002783730
1579834800,1003076,0002473625
1578452400,1003305,0002419492
1578452400,1005227,0002415991
1578452400,1115130,0002473158
1578452400,1060798,0002418099
1578452400,1115012,0002414624
1578452400,1115012,0002473158
1578452400,1114869,0002520407
1578452400,1112946,0002418099
1578884400,1031475,0002520131
1578884400,1113653,0002520131
1578538800,1004318,0002414935
1578538800,1003670,0002414935
1578538800,1004052,0002475519
1578538800,1113944,0002474852
1578970800,1100783,0002406297
1578538800,1005059,0002415309
1578970800,1005243,0002417326
1578970800,1005358,0002410693
1578625200,1114582,0002420896
1578970800,1005333,0002410693
1578970800,1003915,0002406297
1578970800,1004260,0002410693
1578970800,1004103,0002410693
1578970800,1005617,0002460774
1578970800,1005094,0002460774
1578625200,1004254,0002413708
1578970800,1005445,0002406297
1578970800,1117097,0002520407
1578625200,1005117,0002467711
1578970800,1004294,0002460774
1578625200,1004779,0002784923
1578970800,1100814,0002406297
1578970800,1112661,0002786254
1578625200,1100716,0002467711
1578970800,1114505,0002520407
1578970800,1115418,0002417326
1578625200,1121079,0002418883
1578625200,1112651,0002420312
1578970800,1115419,0002417326
1578711600,1100610,0002785424
1578970800,1052736,0002461238
1578711600,1003624,0002415309
1578711600,1004254,0002412137
1578970800,1004583,0002406297
1578711600,1096886,0002785341
1578970800,1005059,0002420896
1578711600,1005333,0002412137
1579489200,1003465,0002471128
1579489200,1004261,0002410252
1579489200,1005333,0002410252
1579489200,1004262,0002471128
1578625200,6000160,0002417605
1579489200,1005356,0002410252
1579575600,1004291,0002521589
1579575600,1004323,0002420234
1578711600,1003629,0002519625
1579575600,1003085,0002521589
1579575600,1005227,0002417916
1579575600,1003963,0002521589
1579575600,1003511,0002521589
1579575600,1003893,0002521589
1579575600,1005297,0002417916
1578711600,1004965,0002413368
1578884400,1003075,0002415953
1579575600,1004583,0002789092
1578884400,1003075,0002415953
1579662000,1005243,0002419576
1579662000,1004254,0002407917
1579662000,1004272,0002462529
1579662000,1003630,0002407917
1578884400,1004255,0002518969
1578884400,1004255,0002462953
1579662000,1004106,0002407917
1578884400,1004490,0002518969
1578884400,1003514,0002518969
1579662000,1004459,0002419576
1578970800,1004179,0002782028
1579662000,1003030,0002789874
1579662000,1004509,0002419576
1579662000,1005461,0002407917
1579662000,1113702,0002419576
1579748400,1005358,0002409535
1579748400,1003821,0002409535
1579834800,1005377,0002417306
1578452400,1005004,0002782028
1578452400,1003063,0002411191
1578452400,1005587,0002411191
1578452400,1003773,0002420173
1578452400,1004803,0002415570
1578452400,1004802,0002415570
1578538800,1005097,0002416226
1578538800,1005044,0002416226
1578625200,1003075,0002519625
1578625200,1003238,0002420037
1578625200,1005462,0002784828
1578625200,1004803,0002420744
1578625200,1004779,0002417276
1578625200,1004253,0002784828
1578625200,1003697,0002420037
1578625200,1004583,0002418933
1578711600,1004260,0002420099
1578711600,1003797,0002420099
1578884400,1005094,0002786169
1578884400,1003590,0002416657
1578884400,1005223,0002417110
1578884400,1005381,0002786169
1578970800,1003308,0002785259
1578970800,1003641,0002786335
1578970800,1005037,0002416588
1578970800,1003797,0002416588
1578970800,1004509,0002419703
1578970800,1004430,0002462327
1578970800,1005545,0002519625
1578970800,1005093,0002416588
1578970800,1004965,0002416588
1579057200,1004337,0002416863
1579057200,1004358,0002416863
1579057200,1005117,0002416588
1579057200,1005037,0002416588
1579057200,1003797,0002416588
1579834800,1005572,0002415272
1579921200,1004291,0002410074
1579921200,1004320,0002410074
1579921200,1003919,0002410074
1579921200,1004442,0002410074
1579921200,1003091,0002410074
1579921200,1003478,0002410074
1579921200,1004494,0002410074
1579921200,1005180,0002410074
1580094000,1005357,0002477064
1580094000,1005148,0002522074
1580094000,1004965,0002419662
1580094000,1004117,0002791644
1580180400,1003850,0002467989
1580180400,1005533,0002418283
1580180400,1004160,0002467989
1580180400,1005508,0002418283
1580180400,1004333,0002467989
1580180400,1004240,0002419383
1580180400,1004239,0002467989
1580180400,1003657,0002467989
1580266800,1003856,0002792771
1580266800,1003315,0002417949
1580266800,1003466,0002792789
1580266800,1003920,0002418415
1580266800,1004239,0002418415
1580266800,1005297,0002521302
1580353200,1005357,0002417431
1580353200,1004272,0002417431
1580439600,1005563,0002793585
1580439600,1004231,0002783449
1580439600,1004231,0002783449
1580439600,1005554,0002406366
1578279600,1003773,0002416588
1578366000,1003308,0002518477
1578366000,1003276,0002460828
1578366000,1003146,0002783176
1578366000,1005357,0002419105
1578366000,1004399,0002518477
1578366000,1004509,0002416657
1578366000,1004509,0002415607
1578970800,1004489,0002786440
1579057200,1003467,0002462148
1579057200,1000179,0002420673
1579057200,1005059,0002417911
1579143600,1005758,0002419369
1579143600,1004106,0002418933
1579143600,1003692,0002418933
1579143600,1003151,0002418933
1579143600,1003302,0002418933
1579230000,1005545,0002519625
1579489200,1004179,0002782028
1579489200,1004255,0002459381
1579489200,1003302,0002459381
1579575600,1004509,0002417158
1579575600,1004255,0002416923
1579575600,1003065,0002412894
1579575600,1003798,0002789202
1579662000,1003670,0002413988
1579662000,1004430,0002420922
1579662000,1003302,0002420922
1579662000,1005180,0002519625
1579662000,1004253,0002420922
1579748400,1005228,0002420037
1579316400,1100763,70000
1579834800,1005357,0002461145
1579834800,1005119,0002461145
1579834800,1003965,0002461145
1579834800,1004064,0002417306
1579834800,1003131,0002461145
1579834800,1005376,0002461145
1579921200,1005396,0002791262
1579921200,1003856,0002791294
1579921200,1005119,0002791262
1580094000,1003323,0002460957
1580094000,1003334,0002460957
1580094000,1005582,0002417949
1580094000,1004430,0002417949
1580094000,1003615,0002417949
1580180400,1003671,0002418292
1580180400,1003323,0002420191
1580180400,1003323,0002416256
1580180400,1004291,0002416256
1580180400,1005353,0002416256
1580180400,1003315,0002418292
1580180400,1003538,0002420191
1580180400,1004254,0002416256
1580180400,1005427,0002416256
1580180400,1005037,0002413311
1580180400,1004260,0002416256
1580180400,1004339,0002416256
1580180400,1003965,0002416256
1580180400,1003889,0002416256
1580180400,1003536,0002416256
1580180400,1004965,0002792414
1580266800,1005563,0002461338
1580266800,1004270,0002476687
1580266800,1003606,0002415036
1580266800,1003218,0002476687
1580266800,1004260,0002415036
1580266800,1007019,0002475833
1580266800,1004564,0002421383
1580266800,1004965,0002421383
1580353200,1000179,0001157865
1580353200,1005332,0002474000
1580439600,1004337,0002420234
1580439600,1003856,0002416780
1580439600,1005456,0002415272
1580439600,1005357,0002415272
1580439600,1004328,0002420234
1580439600,1004261,0002410228
1580439600,1003691,0002420234
1580439600,1004994,0002415053
1580439600,1004525,0002793469
1580439600,1005028,0002420234
1579057200,1005353,0002417361
1579057200,1005243,0002473976
1579057200,1100782,0002421098
1579057200,1003624,0002417361
1579057200,1060801,0002405411
1579057200,1004800,0002473773
1579057200,1100785,0002421098
1579057200,1005333,0002421098
1579057200,1005422,0002405411
1579057200,1060294,0002786805
1579057200,1067328,0002405411
1579057200,1003140,0002417361
1579057200,1005355,0002405411
1579057200,1113853,0002417361
1579057200,1113239,0002417361
1579057200,1112651,0002420090
1579057200,1112651,0002465970
1579057200,1113805,0002465970
1579057200,1082300,0002421098
1579143600,1004291,0002475519
1579143600,1004284,0002397969
1579143600,1004323,0002475519
1579143600,1005358,0002475519
1579143600,1003286,0002475519
1579143600,1005117,0002475519
1579143600,1005094,0002397969
1579143600,1005120,0002475519
1579143600,1003140,0002397969
1579143600,1112659,0002476053
1579143600,1114428,0002477340
1579143600,1003851,0002397969
1579143600,1004965,0002520407
1579230000,1004356,0002470709
1579230000,1051832,0002419696
1579230000,1006545,0002471511
1579230000,1113747,0002471511
1579230000,1112661,0002520407
1579230000,1113043,0002471511
1579316400,1057378,0002788331
1579316400,1005583,0002412142
1579316400,1003618,0002412142
1579316400,1004262,0002420090
1579316400,1032468,0002788331
1579316400,1003673,0002412142
1579316400,1114736,0002410633
1579489200,1003308,0002407264
1578711600,1004410,0002412137
1578711600,1067328,0002785341
1578711600,1115012,0002785654
1578711600,1115321,0002785654
1578711600,1100075,0002785424
1578884400,1005396,0002410271
1578884400,1003624,0002417244
1578884400,1005228,0002409295
1578884400,1100713,0002410271
1578884400,1004254,0002410271
1578884400,1011236,0002420896
1578884400,1004260,0002410271
1578884400,1021768,0002411627
1578884400,1003534,0002410271
1578884400,1004255,0002417244
1578884400,1004333,0002410271
1578884400,1115093,0002409295
1578884400,1005453,0002417244
1578884400,1113703,0002785798
1578884400,1113944,0002409295
1578884400,1113611,0002785798
1578884400,1114468,0002785798
1578884400,1112603,0002410271
1578884400,1113896,0002417913
1578884400,1004222,0002410271
1578884400,1005059,0002409295
1578970800,1002916,0002414924
1578970800,1004179,0002786656
1578970800,1004254,0002420757
1578970800,1118628,0002409551
1578970800,1005397,0002409982
1578970800,1100076,0002786435
1578970800,1003915,0002406297
1578970800,1004105,0002409982
1578970800,1004260,0002469863
1578970800,1004410,0002420896
1578970800,1100878,0002406297
1578970800,1005445,0002406297
1578970800,1004052,0002409982
1578970800,1115700,0002405296
1578970800,1100814,0002406297
1578970800,1082300,0002469863
1578970800,1004583,0002406297
1579057200,1003818,0002410271
1579057200,1005004,0002519523
1579057200,1004106,0002519523
1579057200,1004260,0002475519
1579057200,1114163,0002520462
1579057200,1114557,0002420246
1579057200,1113944,0002421231
1579057200,1114634,0002520462
1578366000,1004253,0002404036
1578452400,1004337,0002416863
1578452400,1003512,0002399279
1578452400,1004358,0002416863
1578452400,1003790,0002459381
1578452400,1003305,0002640200
1578452400,1005004,0002397869
1578452400,1005004,0002784213
1578452400,1005119,0002399279
1578452400,1005356,0002419492
1578452400,1003089,0002399279
1578452400,1005381,0002397869
1578452400,1005093,0002399279
1578452400,1003958,0002416863
1578538800,1004801,0002417868
1578538800,1004255,0002473870
1578538800,1003590,0002417868
1578625200,1004337,0002418933
1578625200,1005097,0002418933
1578625200,1003790,0002418933
1578625200,1005119,0002418933
1578625200,1005545,0002784992
1578625200,1005545,0002785333
1578625200,1003958,0002418933
1578625200,6000160,0002462019
1578625200,1004457,0002462019
1578711600,1005545,0002785453
1578711600,1005545,0002785656
1578884400,1003075,0002415818
1578884400,1005151,0002476402
1578884400,1005357,0002476402
1578884400,1003611,0002786109
1578884400,1004260,0002415818
1578970800,1003611,0002400664
1580180400,1003798,0002408934
1580180400,1003131,0002472804
1580180400,1003309,0002472804
1580266800,1004270,0002419962
1580266800,1003069,0002521857
1580353200,1004320,0002408812
1580353200,1005243,0002408812
1580353200,1005243,0002414061
1580353200,1004358,0002462609
1580353200,1004254,0002462609
1580353200,1005245,0002472804
1580353200,1004261,0002408812
1580353200,1004106,0002408812
1580353200,1005238,0002472804
1580353200,1004525,0002418056
1580353200,1003119,0002408812
1580353200,1003186,0002408812
1580353200,1004564,0002462609
1580353200,1003195,0002462609
1580439600,1005357,0002417161
1580439600,1004106,0002417161
1580439600,1003915,0002417161
1580439600,1004260,0002417161
1580439600,1004231,0002417161
1580439600,1004302,0002417161
1580439600,1004022,0002417161
1580439600,1004564,0002407403
1580439600,1005572,0002417161
1578366000,1003075,0002420233
1578366000,1005624,0002460950
1578366000,1005357,0002420201
1578366000,1003926,0002403734
1578366000,1004255,0002420201
1578366000,1005598,0002403734
1578366000,1004253,0002420233
1578366000,1004489,0002464854
1578366000,1003962,0002420201
1578366000,1005059,0002464854
1578366000,1005059,0002403337
1578366000,1005059,0002782028
1578452400,1003092,0002410937
1578452400,1004080,0002418590
1578452400,1003621,0002416838
1578452400,1004451,0002410937
1579230000,1003542,0002476687
1579230000,1003216,0002421222
1579230000,1004319,0002421222
1579230000,1003615,0002421222
1579230000,1005553,0002405565
1579230000,1004253,0002476687
1579230000,1004583,0002421222
1579489200,1005460,0002461981
1579489200,1004468,0002417517
1579489200,1005533,0002522269
1579489200,1003532,0002418253
1579489200,1003821,0002788923
1579489200,1003645,0002522269
1579489200,1004270,0002462529
1579489200,1004261,0002461981
1579489200,1005117,0002414025
1579489200,1003871,0002461981
1579489200,1005508,0002522269
1579489200,1005225,0002414025
1579489200,1003720,0002462529
1579489200,1005037,0002417517
1579489200,1004260,0002788923
1579489200,1004430,0002462529
1579489200,1003473,0002418253
1579489200,1003708,0002418253
1579489200,1004022,0002418253
1579489200,1005385,0002407820
1579489200,1005481,0002522269
1579489200,1004583,0002476687
1579575600,1005353,0002418415
1579575600,1004254,0002419925
1579575600,1005357,0002419925
1579575600,1003818,0002407890
1579575600,1003920,0002419925
1579575600,1004583,0002420011
1579662000,1005243,0002419576
1579662000,1005243,0002789908
1579662000,1004459,0002419576
1579662000,1004509,0002419576
1579662000,1113702,0002419576
1579662000,1004970,0002789908
1579748400,1005429,0002410175
1579748400,1004119,0002787428
1579748400,1005004,0002416256
1579834800,1004291,0002420407
1579834800,1004400,0002468083
1579834800,1003030,0002397801
1579834800,1004430,0002420407
1579834800,1003542,0002468083
1579834800,1004092,0002412567
1579834800,1005576,0002412567
1579921200,1005396,0002409444
1579057200,1004430,0002416863
1579057200,1003958,0002416863
1579057200,1004965,0002416588
1579143600,1003621,0002404405
1579143600,1004476,0002519625
1579143600,1005356,0002417110
1579230000,1004102,0002474841
1579230000,1005545,0002519625
1579316400,1005460,0002420097
1579316400,1003731,0002788276
1579489200,1004798,0002416996
1579575600,1003744,0002789121
1579575600,1005199,0002459502
1579662000,1005274,0002420201
1579662000,1005059,0002400664
1579748400,1003467,0002418933
1579748400,1006994,0002518969
1579748400,1005353,0002519625
1579748400,1005097,0002418933
1579748400,1004458,0002418933
1579748400,1004451,0002458933
1579748400,1003983,0002418933
1579748400,1003151,0002458933
1579748400,1005120,0002418933
1579748400,1003309,0002416863
1579748400,1005059,0002404405
1579834800,1005353,0002410449
1579834800,1004270,0002476052
1579834800,1004476,0002476663
1579834800,1005587,0002410449
1579402800,1100658,70000
1579489200,1100794,70000
1579575600,1100858,70000
1579575600,1100857,70000
1579575600,1100901,70000
1579575600,1052497,70000
1578452400,1005380,0002410937
1578452400,1003797,0002522275
1578452400,1005119,0002410937
1578452400,1005119,0002522275
1578452400,1003670,0002421283
1578452400,1003065,0002522275
1578452400,1005059,0002421283
1578538800,1004323,0002420037
1578538800,1005357,0002784623
1578538800,1003611,0002420037
1578538800,1004385,0002420037
1578538800,1005059,0002420037
1578538800,1005059,0002784672
1578625200,1005396,0002418687
1578625200,1003630,0002782028
1578625200,1000179,0001002076
1578625200,1003087,0002461105
1578625200,6000179,0002410722
1578884400,1005624,0002460950
1578884400,1003092,0002410937
1578884400,1003286,0002410937
1578884400,1003621,0002461304
1578884400,1004442,0002410937
1578884400,1005004,0002461304
1578884400,1005119,0002410937
1578884400,1007019,0002417106
1578884400,1004583,0002417973
1578884400,1005059,0002782028
1578970800,1004489,0002461105
1578970800,1003697,0002518969
1579057200,1003926,0002417657
1579057200,1005274,0002420650
1579057200,1005059,0002417657
1579143600,1004214,0002787360
1578452400,1004122,0002783886
1578452400,1003063,0002784062
1578452400,1004004,0002417184
1578452400,1003920,0002420409
1578452400,1003304,0002784062
1578452400,1005127,0002784062
1578452400,1004134,0002421190
1578452400,1004253,0002421190
1578452400,1005059,0002784139
1578538800,1005059,0002476655
1578625200,1005421,0002411191
1578625200,1005004,0002414536
1578625200,1003063,0002411191
1578625200,1005119,0002411191
1578625200,1005354,0002785259
1578625200,1004803,0002416587
1578625200,1005621,0002411191
1578625200,1004253,0002411191
1578625200,1005572,0002459502
1578711600,1003075,0002416863
1578711600,1003812,0002417286
1578711600,1004358,0002416863
1578711600,1004442,0002417286
1578711600,1004442,0002401284
1578711600,1005582,0002416863
1578711600,1003543,0002416863
1578711600,1005333,0002401284
1578711600,1005119,0002417286
1578711600,1003151,0002417286
1578711600,1004004,0002417286
1578711600,1004253,0002416863
1578711600,1003731,0002401284
1578711600,1004965,0002401284
1578884400,1003872,0002416838
1578884400,1005396,0001002076
1578884400,1003465,0002416838
1578884400,1004116,0002416838
1578884400,1004102,0002786063
1578884400,1004262,0002416226
1578884400,1004260,0001002076
1578884400,1005093,0002786063
1578884400,1004489,0002416226
1578970800,1004442,0002417657
1579489200,1021849,0002406089
1579489200,1003238,0002420410
1579489200,1005029,0002420410
1579489200,1005117,0002420410
1579489200,1005117,0002474852
1579489200,1036317,0002406089
1579489200,1115469,0002520167
1579489200,1115012,0002520167
1579489200,1115321,0002788914
1579489200,1004308,0002474852
1579489200,1112659,0002418099
1579575600,1005563,0002410575
1579575600,1057378,0002411255
1579575600,1003490,0002409318
1579575600,1100785,0002411255
1579575600,1003618,0002419263
1579575600,1004260,0002407782
1579575600,1003728,0002409318
1579575600,1005382,0002409318
1579575600,1003329,0002409318
1579575600,1005119,0002417361
1579575600,1117137,0002417361
1579575600,1003217,0002417361
1579575600,1016753,0002406515
1579575600,1113797,0002417361
1579575600,1003617,0002417361
1579575600,1113703,0002419696
1579575600,1114694,0002407782
1579575600,1114553,0002419263
1579575600,1005059,0002417493
1579662000,1004323,0002410271
1579662000,1003256,0002475747
1579662000,1009431,0002417538
1579662000,1100857,0002789653
1579662000,1004262,0002417538
1579662000,1004260,0002417538
1579662000,1003696,0002410271
1579662000,1115012,0002421294
1580439600,1004120,0002415053
1580439600,1004430,0002415272
1580439600,1005223,0002421222
1578279600,1003856,0002508001
1578279600,1004122,0002508001
1578366000,1004260,0002783509
1578366000,1004780,0002417360
1578366000,1004780,0002783550
1578366000,1004802,0002461009
1578366000,1004253,0002402531
1578366000,1004965,0002462148
1578366000,1005274,0002461009
1578366000,1005059,0002783509
1578452400,1004122,0002458933
1578452400,1004122,0002401963
1578452400,1003988,0002411319
1578452400,1004255,0002419703
1578538800,1003075,0002416863
1578538800,1004358,0002421347
1578538800,1003286,0002421347
1578538800,1003474,0002421347
1578538800,1005517,0002404405
1578538800,1003697,0002421347
1578625200,1004398,0002417911
1578625200,1003891,0002407596
1578625200,1003871,0002413069
1578625200,1004780,0002459360
1578625200,1004255,0002417911
1578625200,1005223,0002459360
1578625200,1004253,0002417876
1578625200,1004457,0002417911
1578711600,1003068,0002417276
1578711600,1003307,0002472455
1578711600,1003286,0002417276
1578711600,1004458,0002472455
1578711600,1004071,0002472455
1578711600,1004434,0002417276
1578711600,1003871,0002417276
1578711600,1003478,0002417276
1578711600,1004255,0002417276
1578711600,1003619,0002417276
1578711600,1003882,0002472455
1579057200,1005059,0002417239
1579057200,1005059,0002519523
1579143600,1011236,0002474852
1579143600,1004429,0002411255
1579143600,1112659,0002409641
1579143600,1004583,0002398211
1579230000,1005243,0001002674
1579230000,1005245,0002410271
1579230000,1004801,0002460296
1579230000,1100857,0002420817
1579230000,1004106,0002397842
1579230000,1004509,0002405411
1579230000,1005408,0002473976
1579230000,1115700,0002460296
1579230000,1114142,0002420817
1579230000,1112661,0002405411
1579230000,1112647,0002473976
1579230000,1113804,0002413708
1579230000,1003851,0002413708
1579230000,1004965,0002475519
1579316400,1041480,0002412142
1579316400,1042031,0002412142
1579316400,1115130,0002418099
1579316400,1005356,0002410271
1579316400,1005355,0002410271
1579316400,1100814,0002788356
1579316400,1113200,0002412142
1579316400,1121080,0002412142
1579316400,1082300,0002412142